"-103.65671641791045","-15.059701492537329","104.74497347170143","18.26634468125208"
"-15.059701492537329","104.74497347170143","18.26634468125208","-92.656716417910445"
"104.74497347170143","18.26634468125208","-92.656716417910445","8.9402985074626713"
"18.26634468125208","-92.656716417910445","8.9402985074626713","93.087034729609982"
"-92.656716417910445","8.9402985074626713","93.087034729609982","4.48868300872894"
"8.9402985074626713","93.087034729609982","4.48868300872894","-76.656716417910445"
"93.087034729609982","4.48868300872894","-76.656716417910445","31.940298507462671"
"4.48868300872894","-76.656716417910445","31.940298507462671","83.044776119402982"
"-76.656716417910445","31.940298507462671","83.044776119402982","-12.61986494804042"
"31.940298507462671","83.044776119402982","-12.61986494804042","-59.656716417910445"
"83.044776119402982","-12.61986494804042","-59.656716417910445","54.940298507462671"
"-12.61986494804042","-59.656716417910445","54.940298507462671","81.100926097400958"
"-59.656716417910445","54.940298507462671","81.100926097400958","-32.64323339614306"
"54.940298507462671","81.100926097400958","-32.64323339614306","-40.656716417910445"
"81.100926097400958","-32.64323339614306","-40.656716417910445","76.940298507462671"
"-32.64323339614306","-40.656716417910445","76.940298507462671","87.021710649146925"
"-40.656716417910445","76.940298507462671","87.021710649146925","-52.14717557958412"
"76.940298507462671","87.021710649146925","-52.14717557958412","-19.656716417910445"
"87.021710649146925","-52.14717557958412","-19.656716417910445","96.940298507462671"
"-52.14717557958412","-19.656716417910445","96.940298507462671","98.913133481101084"
"-19.656716417910445","96.940298507462671","98.913133481101084","-68.53746904221158"
"96.940298507462671","98.913133481101084","-68.53746904221158","2.3432835820895548"
"98.913133481101084","-68.53746904221158","2.3432835820895548","113.94029850746267"
"-68.53746904221158","2.3432835820895548","113.94029850746267","113.96439181567105"
"2.3432835820895548","113.94029850746267","113.96439181567105","98.82182741929074"
"113.94029850746267","113.96439181567105","98.82182741929074","26.343283582089555"
"113.96439181567105","98.82182741929074","26.343283582089555","113.94029850746267"
"98.82182741929074","26.343283582089555","113.94029850746267","116.94597134513052"
"26.343283582089555","113.94029850746267","116.94597134513052","86.98181530026034"
"113.94029850746267","116.94597134513052","86.98181530026034","50.343283582089555"
"116.94597134513052","86.98181530026034","50.343283582089555","104.94029850746267"
"86.98181530026034","50.343283582089555","104.94029850746267","116.39120436124914"
"50.343283582089555","104.94029850746267","116.39120436124914","74.37144684224752"
"104.94029850746267","116.39120436124914","74.37144684224752","73.343283582089555"
"116.39120436124914","74.37144684224752","73.343283582089555","86.940298507462671"
"74.37144684224752","73.343283582089555","86.940298507462671","113.74468229842449"
"73.343283582089555","86.940298507462671","113.74468229842449","59.84884867563152"
"86.940298507462671","113.74468229842449","59.84884867563152","96.343283582089555"
"113.74468229842449","59.84884867563152","96.343283582089555","63.940298507462671"
"59.84884867563152","96.343283582089555","63.940298507462671","115.63040285583355"
"96.343283582089555","63.940298507462671","115.63040285583355","43.57109890692968"
"63.940298507462671","115.63040285583355","43.57109890692968","114.34328358208955"
"115.63040285583355","43.57109890692968","114.34328358208955","33.940298507462671"
"43.57109890692968","114.34328358208955","33.940298507462671","119.27418146065737"
"114.34328358208955","33.940298507462671","119.27418146065737","26.53236779506331"
"33.940298507462671","119.27418146065737","26.53236779506331","123.34328358208955"
"119.27418146065737","26.53236779506331","123.34328358208955","0.9402985074626713"
"26.53236779506331","123.34328358208955","0.9402985074626713","123.34686767848991"
"123.34328358208955","0.9402985074626713","123.34686767848991","10.436781726181376"
"0.9402985074626713","123.34686767848991","10.436781726181376","124.34328358208955"
"123.34686767848991","10.436781726181376","124.34328358208955","-33.059701492537329"
"10.436781726181376","124.34328358208955","-33.059701492537329","128.66311062131064"
"124.34328358208955","-33.059701492537329","128.66311062131064","-4.889031367287176"
"-33.059701492537329","128.66311062131064","-4.889031367287176","120.34328358208955"
"128.66311062131064","-4.889031367287176","120.34328358208955","-68.059701492537329"
"-4.889031367287176","120.34328358208955","-68.059701492537329","138.2556648769681"
"120.34328358208955","-68.059701492537329","138.2556648769681","-19.49017027958781"
"-68.059701492537329","138.2556648769681","-19.49017027958781","110.34328358208955"
"138.2556648769681","-19.49017027958781","110.34328358208955","-102.05970149253733"
"-19.49017027958781","110.34328358208955","-102.05970149253733","150.30576469458271"
"110.34328358208955","-102.05970149253733","150.30576469458271","-32.76663265575945"
"-102.05970149253733","150.30576469458271","-32.76663265575945","-112.65671641791045"
"150.30576469458271","-32.76663265575945","-112.65671641791045","-63.059701492537329"
"-32.76663265575945","-112.65671641791045","-63.059701492537329","129.10484772615399"
"-112.65671641791045","-63.059701492537329","129.10484772615399","39.237961290733644"
"-63.059701492537329","129.10484772615399","39.237961290733644","-104.65671641791045"
"129.10484772615399","39.237961290733644","-104.65671641791045","-75.059701492537329"
"39.237961290733644","-104.65671641791045","-75.059701492537329","128.79047744118247"
"-104.65671641791045","-75.059701492537329","128.79047744118247","45.648056300838775"
"-75.059701492537329","128.79047744118247","45.648056300838775","-88.656716417910445"
"128.79047744118247","45.648056300838775","-88.656716417910445","-76.059701492537329"
"45.648056300838775","-88.656716417910445","-76.059701492537329","116.8122063704803"
"-88.656716417910445","-76.059701492537329","116.8122063704803","50.62670437980433"
"-76.059701492537329","116.8122063704803","50.62670437980433","-71.656716417910445"
"116.8122063704803","50.62670437980433","-71.656716417910445","-73.059701492537329"
"50.62670437980433","-71.656716417910445","-73.059701492537329","102.33476921347649"
"-71.656716417910445","-73.059701492537329","102.33476921347649","55.55544910796847"
"-73.059701492537329","102.33476921347649","55.55544910796847","-52.656716417910445"
"102.33476921347649","55.55544910796847","-52.656716417910445","-69.059701492537329"
"55.55544910796847","-52.656716417910445","-69.059701492537329","86.844528636838149"
"-52.656716417910445","-69.059701492537329","86.844528636838149","62.67516467641167"
"-69.059701492537329","86.844528636838149","62.67516467641167","-7.6567164179104452"
"86.844528636838149","62.67516467641167","-7.6567164179104452","-82.059701492537329"
"62.67516467641167","-7.6567164179104452","-82.059701492537329","82.416138682594394"
"-7.6567164179104452","-82.059701492537329","82.416138682594394","94.66935636587435"
"-82.059701492537329","82.416138682594394","94.66935636587435","9.3432835820895548"
"82.416138682594394","94.66935636587435","9.3432835820895548","-99.059701492537329"
"94.66935636587435","9.3432835820895548","-99.059701492537329","99.499353806373762"
"9.3432835820895548","-99.059701492537329","99.499353806373762","-74.61181836295599"
"-99.059701492537329","99.499353806373762","-74.61181836295599","29.343283582089555"
"99.499353806373762","-74.61181836295599","29.343283582089555","-113.05970149253733"
"-74.61181836295599","29.343283582089555","-113.05970149253733","116.80549812812997"
"29.343283582089555","-113.05970149253733","116.80549812812997","-65.45058361000024"
"-113.05970149253733","116.80549812812997","-65.45058361000024","52.343283582089555"
"116.80549812812997","-65.45058361000024","52.343283582089555","-120.05970149253733"
"-65.45058361000024","52.343283582089555","-120.05970149253733","130.97385715719079"
"52.343283582089555","-120.05970149253733","130.97385715719079","-56.443899573289926"
"-120.05970149253733","130.97385715719079","-56.443899573289926","74.343283582089555"
"130.97385715719079","-56.443899573289926","74.343283582089555","-116.05970149253733"
"-56.443899573289926","74.343283582089555","-116.05970149253733","137.82880005392147"
"74.343283582089555","-116.05970149253733","137.82880005392147","-47.35797206643154"
"-116.05970149253733","137.82880005392147","-47.35797206643154","-26.656716417910445"
"137.82880005392147","-47.35797206643154","-26.656716417910445","-59.059701492537329"
"-47.35797206643154","-26.656716417910445","-59.059701492537329","64.796827627380893"
"-26.656716417910445","-59.059701492537329","64.796827627380893","75.70786661067902"
"-59.059701492537329","64.796827627380893","75.70786661067902","-22.656716417910445"
"64.796827627380893","75.70786661067902","-22.656716417910445","-39.059701492537329"
"75.70786661067902","-22.656716417910445","-39.059701492537329","45.155144552174072"
"-22.656716417910445","-39.059701492537329","45.155144552174072","69.88397334030047"
"-39.059701492537329","45.155144552174072","69.88397334030047","-19.656716417910445"
"45.155144552174072","69.88397334030047","-19.656716417910445","-19.059701492537329"
"69.88397334030047","-19.656716417910445","-19.059701492537329","27.379896298539549"
"-19.656716417910445","-19.059701492537329","27.379896298539549","54.11655761221164"
"-19.059701492537329","27.379896298539549","54.11655761221164","-16.656716417910445"
"27.379896298539549","54.11655761221164","-16.656716417910445","0.9402985074626713"
"54.11655761221164","-16.656716417910445","0.9402985074626713","16.683235990353428"
"-16.656716417910445","0.9402985074626713","16.683235990353428","6.7689900996318375"
"0.9402985074626713","16.683235990353428","6.7689900996318375","-27.656716417910445"
"16.683235990353428","6.7689900996318375","-27.656716417910445","16.940298507462671"
"6.7689900996318375","-27.656716417910445","16.940298507462671","32.432509562823832"
"-27.656716417910445","16.940298507462671","32.432509562823832","-21.488312548528924"
"16.940298507462671","32.432509562823832","-21.488312548528924","-17.656716417910445"
"32.432509562823832","-21.488312548528924","-17.656716417910445","20.940298507462671"
"-21.488312548528924","-17.656716417910445","20.940298507462671","27.390796560964628"
"-17.656716417910445","20.940298507462671","27.390796560964628","-39.86264236314997"
"20.940298507462671","27.390796560964628","-39.86264236314997","-5.6567164179104452"
"27.390796560964628","-39.86264236314997","-5.6567164179104452","20.940298507462671"
"-39.86264236314997","-5.6567164179104452","20.940298507462671","21.690886155579282"
"-5.6567164179104452","20.940298507462671","21.690886155579282","-64.8831931091771"
"20.940298507462671","21.690886155579282","-64.8831931091771","5.3432835820895548"
"21.690886155579282","-64.8831931091771","5.3432835820895548","13.940298507462671"
"-64.8831931091771","5.3432835820895548","13.940298507462671","14.92925322699678"
"5.3432835820895548","13.940298507462671","14.92925322699678","79.02828943891798"
"13.940298507462671","14.92925322699678","79.02828943891798","15.343283582089555"
"14.92925322699678","79.02828943891798","15.343283582089555","6.9402985074626713"
"79.02828943891798","15.343283582089555","6.9402985074626713","16.839955298429608"
"15.343283582089555","6.9402985074626713","16.839955298429608","34.33888671893142"
"6.9402985074626713","16.839955298429608","34.33888671893142","-86.656716417910445"
"16.839955298429608","34.33888671893142","-86.656716417910445","-42.059701492537329"
"34.33888671893142","-86.656716417910445","-42.059701492537329","96.324477626278863"
"-86.656716417910445","-42.059701492537329","96.324477626278863","35.89008014938976"
"-42.059701492537329","96.324477626278863","35.89008014938976","-77.656716417910445"
"96.324477626278863","35.89008014938976","-77.656716417910445","-49.059701492537329"
"35.89008014938976","-77.656716417910445","-49.059701492537329","91.855429427707932"
"-77.656716417910445","-49.059701492537329","91.855429427707932","42.28268712877867"
"-49.059701492537329","91.855429427707932","42.28268712877867","-63.656716417910445"
"91.855429427707932","42.28268712877867","-63.656716417910445","-53.059701492537329"
"42.28268712877867","-63.656716417910445","-53.059701492537329","82.870437838757894"
"-63.656716417910445","-53.059701492537329","82.870437838757894","49.81217731609308"
"-53.059701492537329","82.870437838757894","49.81217731609308","-49.656716417910445"
"82.870437838757894","49.81217731609308","-49.656716417910445","-50.059701492537329"
"49.81217731609308","-49.656716417910445","-50.059701492537329","70.510731090598696"
"-49.656716417910445","-50.059701492537329","70.510731090598696","55.23154881380672"
"-50.059701492537329","70.510731090598696","55.23154881380672","-61.656716417910445"
"70.510731090598696","55.23154881380672","-61.656716417910445","-41.059701492537329"
"55.23154881380672","-61.656716417910445","-41.059701492537329","74.077322886932819"
"-61.656716417910445","-41.059701492537329","74.077322886932819","43.661251545418736"
"-41.059701492537329","74.077322886932819","43.661251545418736","-75.656716417910445"
"74.077322886932819","43.661251545418736","-75.656716417910445","-38.059701492537329"
"43.661251545418736","-75.656716417910445","-38.059701492537329","84.690493072370103"
"-75.656716417910445","-38.059701492537329","84.690493072370103","36.70503901051471"
"-38.059701492537329","84.690493072370103","36.70503901051471","15.343283582089555"
"84.690493072370103","36.70503901051471","15.343283582089555","-65.059701492537329"
"36.70503901051471","15.343283582089555","-65.059701492537329","66.844454589580451"
"15.343283582089555","-65.059701492537329","66.844454589580451","-66.7301784037961"
"-65.059701492537329","66.844454589580451","-66.7301784037961","25.343283582089555"
"66.844454589580451","-66.7301784037961","25.343283582089555","-74.059701492537329"
"-66.7301784037961","25.343283582089555","-74.059701492537329","78.275931216983594"
"25.343283582089555","-74.059701492537329","78.275931216983594","-61.10901625262028"
"-74.059701492537329","78.275931216983594","-61.10901625262028","40.343283582089555"
"78.275931216983594","-61.10901625262028","40.343283582089555","-79.059701492537329"
"-61.10901625262028","40.343283582089555","-79.059701492537329","88.758193595149322"
"40.343283582089555","-79.059701492537329","88.758193595149322","-52.96528648654564"
"-79.059701492537329","88.758193595149322","-52.96528648654564","56.343283582089555"
"88.758193595149322","-52.96528648654564","56.343283582089555","-79.059701492537329"
"-52.96528648654564","56.343283582089555","-79.059701492537329","97.082449520502266"
"56.343283582089555","-79.059701492537329","97.082449520502266","-44.52376098725781"
"-79.059701492537329","97.082449520502266","-44.52376098725781","44.343283582089555"
"97.082449520502266","-44.52376098725781","44.343283582089555","-69.059701492537329"
"-44.52376098725781","44.343283582089555","-69.059701492537329","82.070513395981479"
"44.343283582089555","-69.059701492537329","82.070513395981479","-47.295451011106046"
"-69.059701492537329","82.070513395981479","-47.295451011106046","29.343283582089555"
"82.070513395981479","-47.295451011106046","29.343283582089555","-64.059701492537329"
"-47.295451011106046","29.343283582089555","-64.059701492537329","70.460440295898778"
"29.343283582089555","-64.059701492537329","70.460440295898778","-55.38930715728182"
"-64.059701492537329","70.460440295898778","-55.38930715728182","-27.656716417910445"
"70.460440295898778","-55.38930715728182","-27.656716417910445","56.940298507462671"
"-55.38930715728182","-27.656716417910445","56.940298507462671","63.301592058491487"
"-27.656716417910445","56.940298507462671","63.301592058491487","-54.093492000485625"
"56.940298507462671","63.301592058491487","-54.093492000485625","-16.656716417910445"
"63.301592058491487","-54.093492000485625","-16.656716417910445","52.940298507462671"
"-54.093492000485625","-16.656716417910445","52.940298507462671","55.498841500394775"
"-16.656716417910445","52.940298507462671","55.498841500394775","-62.53475190527814"
"52.940298507462671","55.498841500394775","-62.53475190527814","-5.6567164179104452"
"55.498841500394775","-62.53475190527814","-5.6567164179104452","47.940298507462671"
"-62.53475190527814","-5.6567164179104452","47.940298507462671","48.272877080378017"
"-5.6567164179104452","47.940298507462671","48.272877080378017","-73.27049952821343"
"47.940298507462671","48.272877080378017","-73.27049952821343","3.3432835820895548"
"48.272877080378017","-73.27049952821343","3.3432835820895548","47.940298507462671"
"-73.27049952821343","3.3432835820895548","47.940298507462671","48.056734867184815"
"3.3432835820895548","47.940298507462671","48.056734867184815","96.01073821953712"
"47.940298507462671","48.056734867184815","96.01073821953712","10.343283582089555"
"48.056734867184815","96.01073821953712","10.343283582089555","43.940298507462671"
"96.01073821953712","10.343283582089555","43.940298507462671","45.141259931291792"
"10.343283582089555","43.940298507462671","45.141259931291792","86.75405640255778"
"43.940298507462671","45.141259931291792","86.75405640255778","26.343283582089555"
"45.141259931291792","86.75405640255778","26.343283582089555","40.940298507462671"
"86.75405640255778","26.343283582089555","40.940298507462671","48.683432826440445"
"26.343283582089555","40.940298507462671","48.683432826440445","67.24049898716345"
"40.940298507462671","48.683432826440445","67.24049898716345","47.343283582089555"
"48.683432826440445","67.24049898716345","47.343283582089555","37.940298507462671"
"67.24049898716345","47.343283582089555","37.940298507462671","60.670031738655986"
"47.343283582089555","37.940298507462671","60.670031738655986","48.70823713257109"
"37.940298507462671","60.670031738655986","48.70823713257109","32.343283582089555"
"60.670031738655986","48.70823713257109","32.343283582089555","53.940298507462671"
"48.70823713257109","32.343283582089555","53.940298507462671","62.893909052829933"
"32.343283582089555","53.940298507462671","62.893909052829933","69.05256638704824"
"53.940298507462671","62.893909052829933","69.05256638704824","18.343283582089555"
"62.893909052829933","69.05256638704824","18.343283582089555","62.940298507462671"
"69.05256638704824","18.343283582089555","62.940298507462671","65.558807408169528"
"18.343283582089555","62.940298507462671","65.558807408169528","83.75179593742963"
"62.940298507462671","65.558807408169528","83.75179593742963","10.343283582089555"
"65.558807408169528","83.75179593742963","10.343283582089555","65.940298507462671"
"83.75179593742963","10.343283582089555","65.940298507462671","66.74658405126668"
"10.343283582089555","65.940298507462671","66.74658405126668","91.08532122479421"
"65.940298507462671","66.74658405126668","91.08532122479421","1.3432835820895548"
"66.74658405126668","91.08532122479421","1.3432835820895548","66.940298507462671"
"91.08532122479421","1.3432835820895548","66.940298507462671","66.953774912622521"
"1.3432835820895548","66.940298507462671","66.953774912622521","98.85040620572516"
"66.940298507462671","66.953774912622521","98.85040620572516","-11.656716417910445"
"66.953774912622521","98.85040620572516","-11.656716417910445","64.940298507462671"
"98.85040620572516","-11.656716417910445","64.940298507462671","65.978188880007465"
"-11.656716417910445","64.940298507462671","65.978188880007465","-69.8238349312436"
"64.940298507462671","65.978188880007465","-69.8238349312436","-20.656716417910445"
"65.978188880007465","-69.8238349312436","-20.656716417910445","55.940298507462671"
"-69.8238349312436","-20.656716417910445","55.940298507462671","59.632348019124663"
"-20.656716417910445","55.940298507462671","59.632348019124663","-59.73264679700905"
"55.940298507462671","59.632348019124663","-59.73264679700905","-3.6567164179104452"
"59.632348019124663","-59.73264679700905","-3.6567164179104452","53.940298507462671"
"-59.73264679700905","-3.6567164179104452","53.940298507462671","54.064104339526381"
"-3.6567164179104452","53.940298507462671","54.064104339526381","-76.12174297695918"
"53.940298507462671","54.064104339526381","-76.12174297695918","5.3432835820895548"
"54.064104339526381","-76.12174297695918","5.3432835820895548","52.940298507462671"
"-76.12174297695918","5.3432835820895548","52.940298507462671","53.209265034370489"
"5.3432835820895548","52.940298507462671","53.209265034370489","94.23663360724618"
"52.940298507462671","53.209265034370489","94.23663360724618","13.343283582089555"
"53.209265034370489","94.23663360724618","13.343283582089555","49.940298507462671"
"94.23663360724618","13.343283582089555","49.940298507462671","51.692133170982011"
"13.343283582089555","49.940298507462671","51.692133170982011","85.04087590389904"
"49.940298507462671","51.692133170982011","85.04087590389904","41.343283582089555"
"51.692133170982011","85.04087590389904","41.343283582089555","40.940298507462671"
"85.04087590389904","41.343283582089555","40.940298507462671","58.183976653621968"
"41.343283582089555","40.940298507462671","58.183976653621968","54.71939530590582"
"40.940298507462671","58.183976653621968","54.71939530590582","14.343283582089555"
"58.183976653621968","54.71939530590582","14.343283582089555","50.940298507462671"
"54.71939530590582","14.343283582089555","50.940298507462671","52.921109171536109"
"14.343283582089555","50.940298507462671","52.921109171536109","84.27434819546977"
"50.940298507462671","52.921109171536109","84.27434819546977","7.3432835820895548"
"52.921109171536109","84.27434819546977","7.3432835820895548","53.940298507462671"
"84.27434819546977","7.3432835820895548","53.940298507462671","54.437850957226125"
"7.3432835820895548","53.940298507462671","54.437850957226125","92.24756889235029"
"53.940298507462671","54.437850957226125","92.24756889235029","-1.6567164179104452"
"54.437850957226125","92.24756889235029","-1.6567164179104452","54.940298507462671"
"92.24756889235029","-1.6567164179104452","54.940298507462671","54.965271848490652"
"-104.13432835820896","-13.417910447761187","104.99523162219997","18.342216976363034"
"-13.417910447761187","104.99523162219997","18.342216976363034","-92.134328358208961"
"104.99523162219997","18.342216976363034","-92.134328358208961","11.582089552238813"
"18.342216976363034","-92.134328358208961","11.582089552238813","92.859459724975508"
"-92.134328358208961","11.582089552238813","92.859459724975508","3.835004545087367"
"11.582089552238813","92.859459724975508","3.835004545087367","-75.134328358208961"
"92.859459724975508","3.835004545087367","-75.134328358208961","34.582089552238813"
"3.835004545087367","-75.134328358208961","34.582089552238813","82.710871205895472"
"-75.134328358208961","34.582089552238813","82.710871205895472","-13.715204745518825"
"34.582089552238813","82.710871205895472","-13.715204745518825","-58.134328358208961"
"82.710871205895472","-13.715204745518825","-58.134328358208961","57.582089552238813"
"-13.715204745518825","-58.134328358208961","57.582089552238813","81.824795574826268"
"-58.134328358208961","57.582089552238813","81.824795574826268","-33.72656678084698"
"57.582089552238813","81.824795574826268","-33.72656678084698","-38.134328358208961"
"81.824795574826268","-33.72656678084698","-38.134328358208961","78.582089552238813"
"-33.72656678084698","-38.134328358208961","78.582089552238813","87.346275236713907"
"-38.134328358208961","78.582089552238813","87.346275236713907","-53.11362138510843"
"78.582089552238813","87.346275236713907","-53.11362138510843","-17.134328358208961"
"87.346275236713907","-53.11362138510843","-17.134328358208961","97.582089552238813"
"-53.11362138510843","-17.134328358208961","97.582089552238813","99.074968633192512"
"-17.134328358208961","97.582089552238813","99.074968633192512","-69.04102085326969"
"97.582089552238813","99.074968633192512","-69.04102085326969","5.8656716417910388"
"99.074968633192512","-69.04102085326969","5.8656716417910388","111.58208955223881"
"-69.04102085326969","5.8656716417910388","111.58208955223881","111.73615714106671"
"5.8656716417910388","111.58208955223881","111.73615714106671","97.99083277716865"
"111.58208955223881","111.73615714106671","97.99083277716865","30.865671641791039"
"111.73615714106671","97.99083277716865","30.865671641791039","110.58208955223881"
"97.99083277716865","30.865671641791039","110.58208955223881","114.8089204532393"
"30.865671641791039","110.58208955223881","114.8089204532393","85.40451950784231"
"110.58208955223881","114.8089204532393","85.40451950784231","55.865671641791039"
"114.8089204532393","85.40451950784231","55.865671641791039","100.58208955223881"
"85.40451950784231","55.865671641791039","100.58208955223881","115.0553345424844"
"55.865671641791039","100.58208955223881","115.0553345424844","71.95117124848419"
"100.58208955223881","115.0553345424844","71.95117124848419","79.865671641791039"
"115.0553345424844","71.95117124848419","79.865671641791039","83.582089552238813"
"71.95117124848419","79.865671641791039","83.582089552238813","115.60489263310984"
"79.865671641791039","83.582089552238813","115.60489263310984","57.30254691248188"
"83.582089552238813","115.60489263310984","57.30254691248188","102.86567164179104"
"115.60489263310984","57.30254691248188","102.86567164179104","60.582089552238813"
"57.30254691248188","102.86567164179104","60.582089552238813","119.37979718877168"
"102.86567164179104","60.582089552238813","119.37979718877168","41.495690267665175"
"60.582089552238813","119.37979718877168","41.495690267665175","117.86567164179104"
"119.37979718877168","41.495690267665175","117.86567164179104","30.582089552238813"
"41.495690267665175","117.86567164179104","30.582089552238813","121.76855403983271"
"117.86567164179104","30.582089552238813","121.76855403983271","25.54553344277617"
"30.582089552238813","121.76855403983271","25.54553344277617","124.86567164179104"
"121.76855403983271","25.54553344277617","124.86567164179104","-2.4179104477611872"
"25.54553344277617","124.86567164179104","-2.4179104477611872","124.88907976876509"
"124.86567164179104","-2.4179104477611872","124.88907976876509","9.890657853065058"
"-2.4179104477611872","124.88907976876509","9.890657853065058","124.86567164179104"
"124.88907976876509","9.890657853065058","124.86567164179104","-36.417910447761187"
"9.890657853065058","124.86567164179104","-36.417910447761187","130.06805970697314"
"124.86567164179104","-36.417910447761187","130.06805970697314","-5.259678730825893"
"-36.417910447761187","130.06805970697314","-5.259678730825893","119.86567164179104"
"130.06805970697314","-5.259678730825893","119.86567164179104","-72.417910447761187"
"-5.259678730825893","119.86567164179104","-72.417910447761187","140.04332540952328"
"119.86567164179104","-72.417910447761187","140.04332540952328","-20.13864577668775"
"-72.417910447761187","140.04332540952328","-20.13864577668775","111.86567164179104"
"140.04332540952328","-20.13864577668775","111.86567164179104","-106.41791044776119"
"-20.13864577668775","111.86567164179104","-106.41791044776119","154.39786318449077"
"111.86567164179104","-106.41791044776119","154.39786318449077","-32.570350826652465"
"-106.41791044776119","154.39786318449077","-32.570350826652465","-114.13432835820896"
"154.39786318449077","-32.570350826652465","-114.13432835820896","-64.417910447761187"
"-32.570350826652465","-114.13432835820896","-64.417910447761187","131.05843008458191"
"-114.13432835820896","-64.417910447761187","131.05843008458191","40.44057140011515"
"-64.417910447761187","131.05843008458191","40.44057140011515","-106.13432835820896"
"131.05843008458191","40.44057140011515","-106.13432835820896","-74.417910447761187"
"40.44057140011515","-106.13432835820896","-74.417910447761187","129.62453877047787"
"-106.13432835820896","-74.417910447761187","129.62453877047787","46.03687878747218"
"-74.417910447761187","129.62453877047787","46.03687878747218","-90.134328358208961"
"129.62453877047787","46.03687878747218","-90.134328358208961","-74.417910447761187"
"46.03687878747218","-90.134328358208961","-74.417910447761187","116.88551041081369"
"-90.134328358208961","-74.417910447761187","116.88551041081369","50.54421781887814"
"-74.417910447761187","116.88551041081369","50.54421781887814","-74.134328358208961"
"116.88551041081369","50.54421781887814","-74.134328358208961","-72.417910447761187"
"50.54421781887814","-74.134328358208961","-72.417910447761187","103.63518897914309"
"-74.134328358208961","-72.417910447761187","103.63518897914309","55.32898325739057"
"-72.417910447761187","103.63518897914309","55.32898325739057","-56.134328358208961"
"103.63518897914309","55.32898325739057","-56.134328358208961","-69.417910447761187"
"55.32898325739057","-56.134328358208961","-69.417910447761187","89.274347441807805"
"-56.134328358208961","-69.417910447761187","89.274347441807805","62.03949601103765"
"-69.417910447761187","89.274347441807805","62.03949601103765","-7.1343283582089612"
"89.274347441807805","62.03949601103765","-7.1343283582089612","-82.417910447761187"
"62.03949601103765","-7.1343283582089612","-82.417910447761187","82.726118026279508"
"-7.1343283582089612","-82.417910447761187","82.726118026279508","96.05264708100378"
"-82.417910447761187","82.726118026279508","96.05264708100378","8.8656716417910388"
"82.726118026279508","96.05264708100378","8.8656716417910388","-97.417910447761187"
"96.05264708100378","8.8656716417910388","-97.417910447761187","97.820495856789009"
"8.8656716417910388","-97.417910447761187","97.820495856789009","-73.80003075637619"
"-97.417910447761187","97.820495856789009","-73.80003075637619","27.865671641791039"
"97.820495856789009","-73.80003075637619","27.865671641791039","-111.41791044776119"
"-73.80003075637619","27.865671641791039","-111.41791044776119","114.84966880489229"
"27.865671641791039","-111.41791044776119","114.84966880489229","-64.95833883301509"
"-111.41791044776119","114.84966880489229","-64.95833883301509","49.865671641791039"
"114.84966880489229","-64.95833883301509","49.865671641791039","-119.41791044776119"
"-64.95833883301509","49.865671641791039","-119.41791044776119","129.41106036191974"
"49.865671641791039","-119.41791044776119","129.41106036191974","-56.33591162667534"
"-119.41791044776119","129.41106036191974","-56.33591162667534","71.865671641791039"
"129.41106036191974","-56.33591162667534","71.865671641791039","-117.41791044776119"
"-56.33591162667534","71.865671641791039","-117.41791044776119","137.6649572492731"
"71.865671641791039","-117.41791044776119","137.6649572492731","-47.53126956877889"
"-117.41791044776119","137.6649572492731","-47.53126956877889","-28.134328358208961"
"137.6649572492731","-47.53126956877889","-28.134328358208961","-58.417910447761187"
"-47.53126956877889","-28.134328358208961","-58.417910447761187","64.839746246034665"
"-28.134328358208961","-58.417910447761187","64.839746246034665","75.28432469540148"
"-58.417910447761187","64.839746246034665","75.28432469540148","-24.134328358208961"
"64.839746246034665","75.28432469540148","-24.134328358208961","-37.417910447761187"
"75.28432469540148","-24.134328358208961","-37.417910447761187","44.526012931527177"
"-24.134328358208961","-37.417910447761187","44.526012931527177","68.17822602099562"
"-37.417910447761187","44.526012931527177","68.17822602099562","-20.134328358208961"
"44.526012931527177","68.17822602099562","-20.134328358208961","-17.417910447761187"
"68.17822602099562","-20.134328358208961","-17.417910447761187","26.622824470788331"
"-20.134328358208961","-17.417910447761187","26.622824470788331","51.862599216037296"
"-17.417910447761187","26.622824470788331","51.862599216037296","-17.134328358208961"
"26.622824470788331","51.862599216037296","-17.134328358208961","3.5820895522388128"
"51.862599216037296","-17.134328358208961","3.5820895522388128","17.504758605795804"
"-17.134328358208961","3.5820895522388128","17.504758605795804","-0.8081440866338738"
"3.5820895522388128","17.504758605795804","-0.8081440866338738","-28.134328358208961"
"17.504758605795804","-0.8081440866338738","-28.134328358208961","17.582089552238813"
"-0.8081440866338738","-28.134328358208961","17.582089552238813","33.176351595533625"
"-28.134328358208961","17.582089552238813","33.176351595533625","-21.002650934384427"
"17.582089552238813","33.176351595533625","-21.002650934384427","-18.134328358208961"
"33.176351595533625","-21.002650934384427","-18.134328358208961","21.582089552238813"
"-21.002650934384427","-18.134328358208961","21.582089552238813","28.18936775531153"
"-18.134328358208961","21.582089552238813","28.18936775531153","-38.96137841542148"
"21.582089552238813","28.18936775531153","-38.96137841542148","-6.1343283582089612"
"28.18936775531153","-38.96137841542148","-6.1343283582089612","21.582089552238813"
"-38.96137841542148","-6.1343283582089612","21.582089552238813","22.436946624868153"
"-6.1343283582089612","21.582089552238813","22.436946624868153","-63.133134449453834"
"21.582089552238813","22.436946624868153","-63.133134449453834","3.8656716417910388"
"22.436946624868153","-63.133134449453834","3.8656716417910388","14.582089552238813"
"-63.133134449453834","3.8656716417910388","14.582089552238813","15.085779825771679"
"3.8656716417910388","14.582089552238813","15.085779825771679","86.15256739805227"
"14.582089552238813","15.085779825771679","86.15256739805227","13.865671641791039"
"15.085779825771679","86.15256739805227","13.865671641791039","7.5820895522388128"
"86.15256739805227","13.865671641791039","7.5820895522388128","15.803320285817698"
"13.865671641791039","7.5820895522388128","15.803320285817698","39.67092100729648"
"7.5820895522388128","15.803320285817698","39.67092100729648","-88.134328358208961"
"15.803320285817698","39.67092100729648","-88.134328358208961","-41.417910447761187"
"39.67092100729648","-88.134328358208961","-41.417910447761187","97.381225813867019"
"-88.134328358208961","-41.417910447761187","97.381225813867019","36.17074288666022"
"-41.417910447761187","97.381225813867019","36.17074288666022","-80.134328358208961"
"97.381225813867019","36.17074288666022","-80.134328358208961","-47.417910447761187"
"36.17074288666022","-80.134328358208961","-47.417910447761187","93.112667305008259"
"-80.134328358208961","-47.417910447761187","93.112667305008259","41.614089027733414"
"-47.417910447761187","93.112667305008259","41.614089027733414","-66.134328358208961"
"93.112667305008259","41.614089027733414","-66.134328358208961","-51.417910447761187"
"41.614089027733414","-66.134328358208961","-51.417910447761187","83.770823693010144"
"-66.134328358208961","-51.417910447761187","83.770823693010144","48.864239685318616"
"-51.417910447761187","83.770823693010144","48.864239685318616","-52.134328358208961"
"83.770823693010144","48.864239685318616","-52.134328358208961","-49.417910447761187"
"48.864239685318616","-52.134328358208961","-49.417910447761187","71.833961789563688"
"-52.134328358208961","-49.417910447761187","71.833961789563688","54.46776221712056"
"-49.417910447761187","71.833961789563688","54.46776221712056","-64.134328358208961"
"71.833961789563688","54.46776221712056","-64.134328358208961","-39.417910447761187"
"54.46776221712056","-64.134328358208961","-39.417910447761187","75.279371264817868"
"-64.134328358208961","-39.417910447761187","75.279371264817868","42.57550133361359"
"-39.417910447761187","75.279371264817868","42.57550133361359","-77.134328358208961"
"75.279371264817868","42.57550133361359","-77.134328358208961","-36.417910447761187"
"42.57550133361359","-77.134328358208961","-36.417910447761187","85.299289637447473"
"-77.134328358208961","-36.417910447761187","85.299289637447473","36.27369313816406"
"-36.417910447761187","85.299289637447473","36.27369313816406","13.865671641791039"
"85.299289637447473","36.27369313816406","13.865671641791039","-64.417910447761187"
"36.27369313816406","13.865671641791039","-64.417910447761187","65.893277627795598"
"13.865671641791039","-64.417910447761187","65.893277627795598","-66.8526705181984"
"-64.417910447761187","65.893277627795598","-66.8526705181984","23.865671641791039"
"65.893277627795598","-66.8526705181984","23.865671641791039","-73.417910447761187"
"-66.8526705181984","23.865671641791039","-73.417910447761187","77.199480940154459"
"23.865671641791039","-73.417910447761187","77.199480940154459","-60.99241455862678"
"-73.417910447761187","77.199480940154459","-60.99241455862678","38.865671641791039"
"77.199480940154459","-60.99241455862678","38.865671641791039","-78.417910447761187"
"-60.99241455862678","38.865671641791039","-78.417910447761187","87.520906708972191"
"38.865671641791039","-78.417910447761187","87.520906708972191","-52.635955156426505"
"-78.417910447761187","87.520906708972191","-52.635955156426505","55.865671641791039"
"87.520906708972191","-52.635955156426505","55.865671641791039","-79.417910447761187"
"-52.635955156426505","55.865671641791039","-79.417910447761187","97.098804152662098"
"55.865671641791039","-79.417910447761187","97.098804152662098","-43.87594382292077"
"-79.417910447761187","97.098804152662098","-43.87594382292077","43.865671641791039"
"97.098804152662098","-43.87594382292077","43.865671641791039","-68.417910447761187"
"-43.87594382292077","43.865671641791039","-68.417910447761187","81.27242840363084"
"43.865671641791039","-68.417910447761187","81.27242840363084","-46.334317381013626"
"-68.417910447761187","81.27242840363084","-46.334317381013626","28.865671641791039"
"81.27242840363084","-46.334317381013626","28.865671641791039","-64.417910447761187"
"-46.334317381013626","28.865671641791039","-64.417910447761187","70.589618116175416"
"28.865671641791039","-64.417910447761187","70.589618116175416","-54.8628443125168"
"-64.417910447761187","70.589618116175416","-54.8628443125168","-26.134328358208961"
"70.589618116175416","-54.8628443125168","-26.134328358208961","57.582089552238813"
"-54.8628443125168","-26.134328358208961","57.582089552238813","63.235276198785876"
"-26.134328358208961","57.582089552238813","63.235276198785876","-54.588502341224"
"57.582089552238813","63.235276198785876","-54.588502341224","-16.134328358208961"
"63.235276198785876","-54.588502341224","-16.134328358208961","52.582089552238813"
"-54.588502341224","-16.134328358208961","52.582089552238813","55.001751728923757"
"-16.134328358208961","52.582089552238813","55.001751728923757","-61.941852060616"
"52.582089552238813","55.001751728923757","-61.941852060616","-6.1343283582089612"
"55.001751728923757","-61.941852060616","-6.1343283582089612","47.582089552238813"
"-61.941852060616","-6.1343283582089612","47.582089552238813","47.975881759104752"
"-6.1343283582089612","47.582089552238813","47.975881759104752","-71.65389356761108"
"47.582089552238813","47.975881759104752","-71.65389356761108","2.8656716417910388"
"47.975881759104752","-71.65389356761108","2.8656716417910388","48.582089552238813"
"-71.65389356761108","2.8656716417910388","48.582089552238813","48.666533667606906"
"2.8656716417910388","48.582089552238813","48.666533667606906","97.62425264701194"
"48.582089552238813","48.666533667606906","97.62425264701194","9.8656716417910388"
"48.666533667606906","97.62425264701194","9.8656716417910388","43.582089552238813"
"97.62425264701194","9.8656716417910388","43.582089552238813","44.684784957331992"
"9.8656716417910388","43.582089552238813","44.684784957331992","88.24493305226439"
"43.582089552238813","44.684784957331992","88.24493305226439","26.865671641791039"
"44.684784957331992","88.24493305226439","26.865671641791039","41.582089552238813"
"88.24493305226439","26.865671641791039","41.582089552238813","49.505903529730105"
"26.865671641791039","41.582089552238813","49.505903529730105","68.13399958684622"
"41.582089552238813","49.505903529730105","68.13399958684622","46.865671641791039"
"49.505903529730105","68.13399958684622","46.865671641791039","38.582089552238813"
"68.13399958684622","46.865671641791039","38.582089552238813","60.703943962918522"
"46.865671641791039","38.582089552238813","60.703943962918522","50.4628647084012"
"38.582089552238813","60.703943962918522","50.4628647084012","32.865671641791039"
"60.703943962918522","50.4628647084012","32.865671641791039","53.582089552238813"
"50.4628647084012","32.865671641791039","53.582089552238813","62.858513291758399"
"32.865671641791039","53.582089552238813","62.858513291758399","69.47627648373614"
"53.582089552238813","62.858513291758399","69.47627648373614","19.865671641791039"
"62.858513291758399","69.47627648373614","19.865671641791039","61.582089552238813"
"69.47627648373614","19.865671641791039","61.582089552238813","64.707021747252597"
"19.865671641791039","61.582089552238813","64.707021747252597","83.12089767265861"
"61.582089552238813","64.707021747252597","83.12089767265861","10.865671641791039"
"64.707021747252597","83.12089767265861","10.865671641791039","65.582089552238813"
"83.12089767265861","10.865671641791039","65.582089552238813","66.476110673422326"
"10.865671641791039","65.582089552238813","66.476110673422326","91.5926641277931"
"65.582089552238813","66.476110673422326","91.5926641277931","0.86567164179103884"
"66.476110673422326","91.5926641277931","0.86567164179103884","66.582089552238813"
"91.5926641277931","0.86567164179103884","66.582089552238813","66.587716859295824"
"0.86567164179103884","66.582089552238813","66.587716859295824","100.25510693092527"
"66.582089552238813","66.587716859295824","100.25510693092527","-11.134328358208961"
"66.587716859295824","100.25510693092527","-11.134328358208961","64.582089552238813"
"100.25510693092527","-11.134328358208961","64.582089552238813","65.534872845850629"
"-11.134328358208961","64.582089552238813","65.534872845850629","-69.21803638936173"
"64.582089552238813","65.534872845850629","-69.21803638936173","-20.134328358208961"
"65.534872845850629","-69.21803638936173","-20.134328358208961","56.582089552238813"
"-69.21803638936173","-20.134328358208961","56.582089552238813","60.057672586720756"
"-20.134328358208961","56.582089552238813","60.057672586720756","-59.4122654291171"
"56.582089552238813","60.057672586720756","-59.4122654291171","-4.1343283582089612"
"60.057672586720756","-59.4122654291171","-4.1343283582089612","54.582089552238813"
"-59.4122654291171","-4.1343283582089612","54.582089552238813","54.738443263049675"
"-4.1343283582089612","54.582089552238813","54.738443263049675","-74.66839410934622"
"54.582089552238813","54.738443263049675","-74.66839410934622","4.8656716417910388"
"54.738443263049675","-74.66839410934622","4.8656716417910388","53.582089552238813"
"-74.66839410934622","4.8656716417910388","53.582089552238813","53.802556457011121"
"4.8656716417910388","53.582089552238813","53.802556457011121","95.81132714805386"
"53.582089552238813","53.802556457011121","95.81132714805386","12.865671641791039"
"53.802556457011121","95.81132714805386","12.865671641791039","50.582089552238813"
"95.81132714805386","12.865671641791039","50.582089552238813","52.192655520342065"
"12.865671641791039","50.582089552238813","52.192655520342065","86.72929737528847"
"50.582089552238813","52.192655520342065","86.72929737528847","41.865671641791039"
"52.192655520342065","86.72929737528847","41.865671641791039","40.582089552238813"
"86.72929737528847","41.865671641791039","40.582089552238813","58.30643578923511"
"41.865671641791039","40.582089552238813","58.30643578923511","55.10806679968097"
"40.582089552238813","58.30643578923511","55.10806679968097","14.865671641791039"
"58.30643578923511","55.10806679968097","14.865671641791039","50.582089552238813"
"55.10806679968097","14.865671641791039","50.582089552238813","52.721304771716881"
"14.865671641791039","50.582089552238813","52.721304771716881","84.6223594810078"
"50.582089552238813","52.721304771716881","84.6223594810078","6.8656716417910388"
"52.721304771716881","84.6223594810078","6.8656716417910388","54.582089552238813"
"84.6223594810078","6.8656716417910388","54.582089552238813","55.012198165329757"
"6.8656716417910388","54.582089552238813","55.012198165329757","93.83063708138323"
"54.582089552238813","55.012198165329757","93.83063708138323","-2.1343283582089612"
"55.012198165329757","93.83063708138323","-2.1343283582089612","54.582089552238813"
"93.83063708138323","-2.1343283582089612","54.582089552238813","54.623803029716562"
"-105.50746268656718","-13.791044776119406","106.40496980204588","18.44700016763258"
"-13.791044776119406","106.40496980204588","18.44700016763258","-92.50746268656718"
"106.40496980204588","18.44700016763258","-92.50746268656718","11.208955223880594"
"18.44700016763258","-92.50746268656718","11.208955223880594","93.184072297349076"
"-92.50746268656718","11.208955223880594","93.184072297349076","4.091257544098675"
"11.208955223880594","93.184072297349076","4.091257544098675","-76.50746268656718"
"93.184072297349076","4.091257544098675","-76.50746268656718","34.208955223880594"
"4.091257544098675","-76.50746268656718","34.208955223880594","83.807186232720738"
"-76.50746268656718","34.208955223880594","83.807186232720738","-13.090959278602273"
"34.208955223880594","83.807186232720738","-13.090959278602273","-58.50746268656718"
"83.807186232720738","-13.090959278602273","-58.50746268656718","57.208955223880594"
"-13.090959278602273","-58.50746268656718","57.208955223880594","81.829015317477854"
"-58.50746268656718","57.208955223880594","81.829015317477854","-33.35708453430179"
"57.208955223880594","81.829015317477854","-33.35708453430179","-38.50746268656718"
"81.829015317477854","-33.35708453430179","-38.50746268656718","78.208955223880594"
"-33.35708453430179","-38.50746268656718","78.208955223880594","87.174912444856076"
"-38.50746268656718","78.208955223880594","87.174912444856076","-52.78591398616362"
"78.208955223880594","87.174912444856076","-52.78591398616362","-17.50746268656718"
"87.174912444856076","-52.78591398616362","-17.50746268656718","97.208955223880594"
"-52.78591398616362","-17.50746268656718","97.208955223880594","98.772932655864594"
"-17.50746268656718","97.208955223880594","98.772932655864594","-68.79040247888919"
"97.208955223880594","98.772932655864594","-68.79040247888919","5.4925373134328197"
"98.772932655864594","-68.79040247888919","5.4925373134328197","112.20895522388059"
"-68.79040247888919","5.4925373134328197","112.20895522388059","112.34330241974504"
"5.4925373134328197","112.20895522388059","112.34330241974504","98.19765481480498"
"112.20895522388059","112.34330241974504","98.19765481480498","29.49253731343282"
"112.34330241974504","98.19765481480498","29.49253731343282","111.20895522388059"
"98.19765481480498","29.49253731343282","111.20895522388059","115.05321151176662"
"29.49253731343282","111.20895522388059","115.05321151176662","86.14710359129771"
"111.20895522388059","115.05321151176662","86.14710359129771","52.49253731343282"
"115.05321151176662","86.14710359129771","52.49253731343282","102.20895522388059"
"86.14710359129771","52.49253731343282","102.20895522388059","114.90055265993878"
"52.49253731343282","102.20895522388059","114.90055265993878","73.81584696794954"
"102.20895522388059","114.90055265993878","73.81584696794954","74.49253731343282"
"114.90055265993878","73.81584696794954","74.49253731343282","84.208955223880594"
"73.81584696794954","74.49253731343282","84.208955223880594","112.42902763650812"
"74.49253731343282","84.208955223880594","112.42902763650812","59.503531644784466"
"84.208955223880594","112.42902763650812","59.503531644784466","96.49253731343282"
"112.42902763650812","59.503531644784466","96.49253731343282","61.208955223880594"
"59.503531644784466","96.49253731343282","61.208955223880594","114.26874444389088"
"96.49253731343282","61.208955223880594","114.26874444389088","43.38853930326334"
"61.208955223880594","114.26874444389088","43.38853930326334","112.49253731343282"
"114.26874444389088","43.38853930326334","112.49253731343282","30.208955223880594"
"43.38853930326334","112.49253731343282","30.208955223880594","116.47811780301268"
"112.49253731343282","30.208955223880594","116.47811780301268","26.031677950716414"
"30.208955223880594","116.47811780301268","26.031677950716414","121.49253731343282"
"116.47811780301268","26.031677950716414","121.49253731343282","-3.7910447761194064"
"26.031677950716414","121.49253731343282","-3.7910447761194064","121.55167067280651"
"121.49253731343282","-3.7910447761194064","121.55167067280651","9.212726367958304"
"-3.7910447761194064","121.55167067280651","9.212726367958304","122.49253731343282"
"121.55167067280651","9.212726367958304","122.49253731343282","-37.791044776119406"
"9.212726367958304","122.49253731343282","-37.791044776119406","128.18964374220482"
"122.49253731343282","-37.791044776119406","128.18964374220482","-6.145889992887781"
"-37.791044776119406","128.18964374220482","-6.145889992887781","118.49253731343282"
"128.18964374220482","-6.145889992887781","118.49253731343282","-73.791044776119406"
"-6.145889992887781","118.49253731343282","-73.791044776119406","139.59082952732436"
"118.49253731343282","-73.791044776119406","139.59082952732436","-20.912522462589234"
"-73.791044776119406","139.59082952732436","-20.912522462589234","109.49253731343282"
"139.59082952732436","-20.912522462589234","109.49253731343282","-108.79104477611941"
"-20.912522462589234","109.49253731343282","-108.79104477611941","154.35059815502206"
"109.49253731343282","-108.79104477611941","154.35059815502206","-33.81587060740709"
"-108.79104477611941","154.35059815502206","-33.81587060740709","-114.50746268656718"
"154.35059815502206","-33.81587060740709","-114.50746268656718","-62.791044776119406"
"-33.81587060740709","-114.50746268656718","-62.791044776119406","130.59354622259175"
"-114.50746268656718","-62.791044776119406","130.59354622259175","39.73849880175743"
"-62.791044776119406","130.59354622259175","39.73849880175743","-105.50746268656718"
"130.59354622259175","39.73849880175743","-105.50746268656718","-73.791044776119406"
"39.73849880175743","-105.50746268656718","-73.791044776119406","128.75147755155521"
"-105.50746268656718","-73.791044776119406","128.75147755155521","45.96862261852759"
"-73.791044776119406","128.75147755155521","45.96862261852759","-89.50746268656718"
"128.75147755155521","45.96862261852759","-89.50746268656718","-73.791044776119406"
"45.96862261852759","-89.50746268656718","-73.791044776119406","116.00303515744093"
"-89.50746268656718","-73.791044776119406","116.00303515744093","50.50258644946528"
"-73.791044776119406","116.00303515744093","50.50258644946528","-72.50746268656718"
"116.00303515744093","50.50258644946528","-72.50746268656718","-71.791044776119406"
"50.50258644946528","-72.50746268656718","-71.791044776119406","102.03571068645876"
"-72.50746268656718","-71.791044776119406","102.03571068645876","55.7155383926449"
"-71.791044776119406","102.03571068645876","55.7155383926449","-53.50746268656718"
"102.03571068645876","55.7155383926449","-53.50746268656718","-67.791044776119406"
"55.7155383926449","-53.50746268656718","-67.791044776119406","86.363616847560323"
"-53.50746268656718","-67.791044776119406","86.363616847560323","62.715972441957746"
"-67.791044776119406","86.363616847560323","62.715972441957746","-8.5074626865671803"
"86.363616847560323","62.715972441957746","-8.5074626865671803","-80.791044776119406"
"62.715972441957746","-8.5074626865671803","-80.791044776119406","81.237736535308912"
"-8.5074626865671803","-80.791044776119406","81.237736535308912","94.98879008318421"
"-80.791044776119406","81.237736535308912","94.98879008318421","7.4925373134328197"
"81.237736535308912","94.98879008318421","7.4925373134328197","-96.791044776119406"
"94.98879008318421","7.4925373134328197","-96.791044776119406","97.080608075176045"
"7.4925373134328197","-96.791044776119406","97.080608075176045","-74.57359496482454"
"-96.791044776119406","97.080608075176045","-74.57359496482454","26.49253731343282"
"97.080608075176045","-74.57359496482454","26.49253731343282","-110.79104477611941"
"-74.57359496482454","26.49253731343282","-110.79104477611941","113.91448606690777"
"26.49253731343282","-110.79104477611941","113.91448606690777","-65.55186111294877"
"-110.79104477611941","113.91448606690777","-65.55186111294877","49.49253731343282"
"113.91448606690777","-65.55186111294877","49.49253731343282","-119.79104477611941"
"-65.55186111294877","49.49253731343282","-119.79104477611941","129.61252122490242"
"49.49253731343282","-119.79104477611941","129.61252122490242","-56.55167878942113"
"-119.79104477611941","129.61252122490242","-56.55167878942113","72.49253731343282"
"129.61252122490242","-56.55167878942113","72.49253731343282","-116.79104477611941"
"-56.55167878942113","72.49253731343282","-116.79104477611941","137.46023463546459"
"72.49253731343282","-116.79104477611941","137.46023463546459","-47.172006622653335"
"-116.79104477611941","137.46023463546459","-47.172006622653335","-26.50746268656718"
"137.46023463546459","-47.172006622653335","-26.50746268656718","-57.791044776119406"
"-47.172006622653335","-26.50746268656718","-57.791044776119406","63.580267649603279"
"-26.50746268656718","-57.791044776119406","63.580267649603279","76.36013253124516"
"-57.791044776119406","63.580267649603279","76.36013253124516","-22.50746268656718"
"63.580267649603279","76.36013253124516","-22.50746268656718","-37.791044776119406"
"76.36013253124516","-22.50746268656718","-37.791044776119406","43.985781132746474"
"-22.50746268656718","-37.791044776119406","43.985781132746474","70.22296089660495"
"-37.791044776119406","43.985781132746474","70.22296089660495","-19.50746268656718"
"43.985781132746474","70.22296089660495","-19.50746268656718","-17.791044776119406"
"70.22296089660495","-19.50746268656718","-17.791044776119406","26.401938843458002"
"-19.50746268656718","-17.791044776119406","26.401938843458002","53.36519833010047"
"-17.791044776119406","26.401938843458002","53.36519833010047","-15.50746268656718"
"26.401938843458002","53.36519833010047","-15.50746268656718","2.2089552238805936"
"53.36519833010047","-15.50746268656718","2.2089552238805936","15.663999558107205"
"-15.50746268656718","2.2089552238805936","15.663999558107205","2.893059932486773"
"2.2089552238805936","15.663999558107205","2.893059932486773","-26.50746268656718"
"15.663999558107205","2.893059932486773","-26.50746268656718","18.208955223880594"
"2.893059932486773","-26.50746268656718","18.208955223880594","32.159160878745574"
"-26.50746268656718","18.208955223880594","32.159160878745574","-23.48661046191271"
"18.208955223880594","32.159160878745574","-23.48661046191271","-16.50746268656718"
"32.159160878745574","-23.48661046191271","-16.50746268656718","21.208955223880594"
"-23.48661046191271","-16.50746268656718","21.208955223880594","26.875939165673444"
"-16.50746268656718","21.208955223880594","26.875939165673444","-41.10548147768017"
"21.208955223880594","26.875939165673444","-41.10548147768017","-5.5074626865671803"
"26.875939165673444","-41.10548147768017","-5.5074626865671803","21.208955223880594"
"-41.10548147768017","-5.5074626865671803","21.208955223880594","21.912369267893002"
"-5.5074626865671803","21.208955223880594","21.912369267893002","-64.44315829124106"
"21.208955223880594","21.912369267893002","-64.44315829124106","5.4925373134328197"
"21.912369267893002","-64.44315829124106","5.4925373134328197","14.208955223880594"
"-64.44315829124106","5.4925373134328197","14.208955223880594","15.233593623754555"
"5.4925373134328197","14.208955223880594","15.233593623754555","79.86576011963282"
"14.208955223880594","15.233593623754555","79.86576011963282","14.49253731343282"
"15.233593623754555","79.86576011963282","14.49253731343282","8.2089552238805936"
"79.86576011963282","14.49253731343282","8.2089552238805936","16.655947395717813"
"14.49253731343282","8.2089552238805936","16.655947395717813","40.52835943075959"
"8.2089552238805936","16.655947395717813","40.52835943075959","-88.50746268656718"
"16.655947395717813","40.52835943075959","-88.50746268656718","-41.791044776119406"
"40.52835943075959","-88.50746268656718","-41.791044776119406","97.877793062030676"
"-88.50746268656718","-41.791044776119406","97.877793062030676","36.27552766762415"
"-41.791044776119406","97.877793062030676","36.27552766762415","-79.50746268656718"
"97.877793062030676","36.27552766762415","-79.50746268656718","-46.791044776119406"
"36.27552766762415","-79.50746268656718","-46.791044776119406","92.254205834187772"
"-79.50746268656718","-46.791044776119406","92.254205834187772","41.477294621842375"
"-46.791044776119406","92.254205834187772","41.477294621842375","-65.50746268656718"
"92.254205834187772","41.477294621842375","-65.50746268656718","-50.791044776119406"
"41.477294621842375","-65.50746268656718","-50.791044776119406","82.891241377372069"
"-65.50746268656718","-50.791044776119406","82.891241377372069","48.78811983411276"
"-50.791044776119406","82.891241377372069","48.78811983411276","-51.50746268656718"
"82.891241377372069","48.78811983411276","-51.50746268656718","-48.791044776119406"
"48.78811983411276","-51.50746268656718","-48.791044776119406","70.947760801546082"
"-51.50746268656718","-48.791044776119406","70.947760801546082","54.44861854704394"
"-48.791044776119406","70.947760801546082","54.44861854704394","-63.50746268656718"
"70.947760801546082","54.44861854704394","-63.50746268656718","-39.791044776119406"
"54.44861854704394","-63.50746268656718","-39.791044776119406","74.943479110999789"
"-63.50746268656718","-39.791044776119406","74.943479110999789","43.06948865556209"
"-39.791044776119406","74.943479110999789","43.06948865556209","-77.50746268656718"
"74.943479110999789","43.06948865556209","-77.50746268656718","-35.791044776119406"
"43.06948865556209","-77.50746268656718","-35.791044776119406","85.372159737679056"
"-77.50746268656718","-35.791044776119406","85.372159737679056","35.78633429339504"
"-35.791044776119406","85.372159737679056","35.78633429339504","13.49253731343282"
"85.372159737679056","35.78633429339504","13.49253731343282","-64.791044776119406"
"35.78633429339504","13.49253731343282","-64.791044776119406","66.181024820831283"
"13.49253731343282","-64.791044776119406","66.181024820831283","-67.23645479419405"
"-64.791044776119406","66.181024820831283","-67.23645479419405","24.49253731343282"
"66.181024820831283","-67.23645479419405","24.49253731343282","-73.791044776119406"
"-67.23645479419405","24.49253731343282","-73.791044776119406","77.749615260791856"
"24.49253731343282","-73.791044776119406","77.749615260791856","-60.63809256103819"
"-73.791044776119406","77.749615260791856","-60.63809256103819","39.49253731343282"
"77.749615260791856","-60.63809256103819","39.49253731343282","-78.791044776119406"
"-60.63809256103819","39.49253731343282","-78.791044776119406","88.134495178479"
"39.49253731343282","-78.791044776119406","88.134495178479","-52.3785382736187"
"-78.791044776119406","88.134495178479","-52.3785382736187","55.49253731343282"
"88.134495178479","-52.3785382736187","55.49253731343282","-79.791044776119406"
"-52.3785382736187","55.49253731343282","-79.791044776119406","97.190701838948698"
"55.49253731343282","-79.791044776119406","97.190701838948698","-44.18241977578594"
"-79.791044776119406","97.190701838948698","-44.18241977578594","43.49253731343282"
"97.190701838948698","-44.18241977578594","43.49253731343282","-68.791044776119406"
"-44.18241977578594","43.49253731343282","-68.791044776119406","81.386784205732141"
"43.49253731343282","-68.791044776119406","81.386784205732141","-46.69723652365678"
"-68.791044776119406","81.386784205732141","-46.69723652365678","28.49253731343282"
"81.386784205732141","-46.69723652365678","28.49253731343282","-63.791044776119406"
"-46.69723652365678","28.49253731343282","-63.791044776119406","69.865027561622213"
"28.49253731343282","-63.791044776119406","69.865027561622213","-54.931872750723244"
"-63.791044776119406","69.865027561622213","-54.931872750723244","-25.50746268656718"
"69.865027561622213","-54.931872750723244","-25.50746268656718","58.208955223880594"
"-54.931872750723244","-25.50746268656718","58.208955223880594","63.552443863020351"
"-25.50746268656718","58.208955223880594","63.552443863020351","-55.33672081291492"
"58.208955223880594","63.552443863020351","-55.33672081291492","-15.50746268656718"
"63.552443863020351","-55.33672081291492","-15.50746268656718","53.208955223880594"
"-55.33672081291492","-15.50746268656718","53.208955223880594","55.422687727971145"
"-15.50746268656718","53.208955223880594","55.422687727971145","-62.751521938414385"
"53.208955223880594","55.422687727971145","-62.751521938414385","-5.5074626865671803"
"55.422687727971145","-62.751521938414385","-5.5074626865671803","47.208955223880594"
"-62.751521938414385","-5.5074626865671803","47.208955223880594","47.529123688263944"
"-5.5074626865671803","47.208955223880594","47.529123688263944","-72.3458728063845"
"47.208955223880594","47.529123688263944","-72.3458728063845","4.4925373134328197"
"47.529123688263944","-72.3458728063845","4.4925373134328197","48.208955223880594"
"-72.3458728063845","4.4925373134328197","48.208955223880594","48.417829931655447"
"4.4925373134328197","48.208955223880594","48.417829931655447","95.67604776791156"
"48.208955223880594","48.417829931655447","95.67604776791156","12.49253731343282"
"48.417829931655447","95.67604776791156","12.49253731343282","43.208955223880594"
"95.67604776791156","12.49253731343282","43.208955223880594","44.978631593978371"
"12.49253731343282","43.208955223880594","44.978631593978371","84.87440464826533"
"43.208955223880594","44.978631593978371","84.87440464826533","28.49253731343282"
"44.978631593978371","84.87440464826533","28.49253731343282","41.208955223880594"
"84.87440464826533","28.49253731343282","41.208955223880594","50.0999268782017"
"28.49253731343282","41.208955223880594","50.0999268782017","66.33939190951382"
"41.208955223880594","50.0999268782017","66.33939190951382","48.49253731343282"
"50.0999268782017","66.33939190951382","48.49253731343282","38.208955223880594"
"66.33939190951382","48.49253731343282","38.208955223880594","61.736945457280171"
"48.49253731343282","38.208955223880594","61.736945457280171","49.23580342932689"
"38.208955223880594","61.736945457280171","49.23580342932689","33.49253731343282"
"61.736945457280171","49.23580342932689","33.49253731343282","54.208955223880594"
"49.23580342932689","33.49253731343282","54.208955223880594","63.720961089396482"
"33.49253731343282","54.208955223880594","63.720961089396482","69.29051052989854"
"54.208955223880594","63.720961089396482","69.29051052989854","20.49253731343282"
"63.720961089396482","69.29051052989854","20.49253731343282","62.208955223880594"
"69.29051052989854","20.49253731343282","62.208955223880594","65.497314415090457"
"20.49253731343282","62.208955223880594","65.497314415090457","82.76736302604925"
"62.208955223880594","65.497314415090457","82.76736302604925","11.49253731343282"
"65.497314415090457","82.76736302604925","11.49253731343282","65.208955223880594"
"82.76736302604925","11.49253731343282","65.208955223880594","66.213943058019964"
"11.49253731343282","65.208955223880594","66.213943058019964","91.0047387945359"
"65.208955223880594","66.213943058019964","91.0047387945359","1.4925373134328197"
"66.213943058019964","91.0047387945359","1.4925373134328197","66.208955223880594"
"91.0047387945359","1.4925373134328197","66.208955223880594","66.225776095639787"
"1.4925373134328197","66.208955223880594","66.225776095639787","99.70860962663207"
"66.208955223880594","66.225776095639787","99.70860962663207","-10.50746268656718"
"66.225776095639787","99.70860962663207","-10.50746268656718","65.208955223880594"
"99.70860962663207","-10.50746268656718","65.208955223880594","66.050091699403922"
"-10.50746268656718","65.208955223880594","66.050091699403922","-69.84631170513727"
"65.208955223880594","66.050091699403922","-69.84631170513727","-19.50746268656718"
"66.050091699403922","-69.84631170513727","-19.50746268656718","57.208955223880594"
"-69.84631170513727","-19.50746268656718","57.208955223880594","60.443408724821147"
"-19.50746268656718","57.208955223880594","60.443408724821147","-60.171333448231366"
"57.208955223880594","60.443408724821147","-60.171333448231366","-2.5074626865671803"
"60.443408724821147","-60.171333448231366","-2.5074626865671803","53.208955223880594"
"-60.171333448231366","-2.5074626865671803","53.208955223880594","53.268004328503395"
"-2.5074626865671803","53.208955223880594","53.268004328503395","-76.30194249016276"
"53.208955223880594","53.268004328503395","-76.30194249016276","6.4925373134328197"
"53.268004328503395","-76.30194249016276","6.4925373134328197","53.208955223880594"
"-76.30194249016276","6.4925373134328197","53.208955223880594","53.603600222216862"
"6.4925373134328197","53.208955223880594","53.603600222216862","94.0431800686047"
"53.208955223880594","53.603600222216862","94.0431800686047","14.49253731343282"
"53.603600222216862","94.0431800686047","14.49253731343282","50.208955223880594"
"94.0431800686047","14.49253731343282","50.208955223880594","52.258710493609478"
"14.49253731343282","50.208955223880594","52.258710493609478","84.89950801707698"
"50.208955223880594","52.258710493609478","84.89950801707698","42.49253731343282"
"52.258710493609478","84.89950801707698","42.49253731343282","40.208955223880594"
"84.89950801707698","42.49253731343282","40.208955223880594","58.501075268147979"
"42.49253731343282","40.208955223880594","58.501075268147979","54.41833110173576"
"40.208955223880594","58.501075268147979","54.41833110173576","16.49253731343282"
"58.501075268147979","54.41833110173576","16.49253731343282","50.208955223880594"
"54.41833110173576","16.49253731343282","50.208955223880594","52.848301502589656"
"16.49253731343282","50.208955223880594","52.848301502589656","82.81578577334092"
"50.208955223880594","52.848301502589656","82.81578577334092","7.4925373134328197"
"52.848301502589656","82.81578577334092","7.4925373134328197","54.208955223880594"
"82.81578577334092","7.4925373134328197","54.208955223880594","54.724299372928236"
"7.4925373134328197","54.208955223880594","54.724299372928236","93.1306727479898"
"54.208955223880594","54.724299372928236","93.1306727479898","-1.5074626865671803"
"54.724299372928236","93.1306727479898","-1.5074626865671803","54.208955223880594"
"93.1306727479898","-1.5074626865671803","54.208955223880594","54.229911213426149"
"-104.07462686567163","-15.417910447761187","105.21045537304724","21.42667123101216"
"-15.417910447761187","105.21045537304724","21.42667123101216","-92.074626865671632"
"105.21045537304724","21.42667123101216","-92.074626865671632","9.5820895522388128"
"21.42667123101216","-92.074626865671632","9.5820895522388128","92.571882084355309"
"-92.074626865671632","9.5820895522388128","92.571882084355309","7.058688083599678"
"9.5820895522388128","92.571882084355309","7.058688083599678","-75.074626865671632"
"92.571882084355309","7.058688083599678","-75.074626865671632","33.582089552238813"
"7.058688083599678","-75.074626865671632","33.582089552238813","82.243275334305679"
"-75.074626865671632","33.582089552238813","82.243275334305679","-11.099736755859404"
"33.582089552238813","82.243275334305679","-11.099736755859404","-57.074626865671632"
"82.243275334305679","-11.099736755859404","-57.074626865671632","56.582089552238813"
"-11.099736755859404","-57.074626865671632","56.582089552238813","80.368189540098626"
"-57.074626865671632","56.582089552238813","80.368189540098626","-31.751707302940524"
"56.582089552238813","80.368189540098626","-31.751707302940524","-38.074626865671632"
"80.368189540098626","-31.751707302940524","-38.074626865671632","77.582089552238813"
"-31.751707302940524","-38.074626865671632","77.582089552238813","86.42139683117675"
"-38.074626865671632","77.582089552238813","86.42139683117675","-50.8597803694432"
"77.582089552238813","86.42139683117675","-50.8597803694432","-18.074626865671632"
"86.42139683117675","-50.8597803694432","-18.074626865671632","98.582089552238813"
"-50.8597803694432","-18.074626865671632","98.582089552238813","100.22534867397016"
"-18.074626865671632","98.582089552238813","100.22534867397016","-66.61044280901608"
"98.582089552238813","100.22534867397016","-66.61044280901608","4.9253731343283675"
"100.22534867397016","-66.61044280901608","4.9253731343283675","113.58208955223881"
"-66.61044280901608","4.9253731343283675","113.58208955223881","113.68883132289275"
"4.9253731343283675","113.58208955223881","113.68883132289275","100.51698172435857"
"113.58208955223881","113.68883132289275","100.51698172435857","27.925373134328368"
"113.68883132289275","100.51698172435857","27.925373134328368","114.58208955223881"
"100.51698172435857","27.925373134328368","114.58208955223881","117.93592205451544"
"27.925373134328368","114.58208955223881","117.93592205451544","89.30317628373578"
"114.58208955223881","117.93592205451544","89.30317628373578","49.925373134328368"
"117.93592205451544","89.30317628373578","49.925373134328368","105.58208955223881"
"89.30317628373578","49.925373134328368","105.58208955223881","116.79092651751202"
"49.925373134328368","105.58208955223881","116.79092651751202","77.69248305690952"
"105.58208955223881","116.79092651751202","77.69248305690952","71.925373134328368"
"116.79092651751202","77.69248305690952","71.925373134328368","85.582089552238813"
"77.69248305690952","71.925373134328368","85.582089552238813","111.79245659989671"
"71.925373134328368","85.582089552238813","111.79245659989671","62.955448940052236"
"85.582089552238813","111.79245659989671","62.955448940052236","93.925373134328368"
"111.79245659989671","62.955448940052236","93.925373134328368","62.582089552238813"
"62.955448940052236","93.925373134328368","62.582089552238813","112.86493543677439"
"93.925373134328368","62.582089552238813","112.86493543677439","46.675357441704"
"62.582089552238813","112.86493543677439","46.675357441704","112.92537313432837"
"112.86493543677439","46.675357441704","112.92537313432837","31.582089552238813"
"46.675357441704","112.92537313432837","31.582089552238813","117.25855311239741"
"112.92537313432837","31.582089552238813","117.25855311239741","28.62482979027864"
"31.582089552238813","117.25855311239741","28.62482979027864","122.92537313432837"
"117.25855311239741","28.62482979027864","122.92537313432837","-2.4179104477611872"
"28.62482979027864","122.92537313432837","-2.4179104477611872","122.94915067273645"
"122.92537313432837","-2.4179104477611872","122.94915067273645","11.873152075653609"
"-2.4179104477611872","122.94915067273645","11.873152075653609","124.92537313432837"
"122.94915067273645","11.873152075653609","124.92537313432837","-37.417910447761187"
"11.873152075653609","124.92537313432837","-37.417910447761187","130.40877606598357"
"124.92537313432837","-37.417910447761187","130.40877606598357","-3.674120292865659"
"-37.417910447761187","130.40877606598357","-3.674120292865659","119.92537313432837"
"130.40877606598357","-3.674120292865659","119.92537313432837","-73.417910447761187"
"-3.674120292865659","119.92537313432837","-73.417910447761187","140.61395626296621"
"119.92537313432837","-73.417910447761187","140.61395626296621","-18.47482817282811"
"-73.417910447761187","140.61395626296621","-18.47482817282811","110.92537313432837"
"140.61395626296621","-18.47482817282811","110.92537313432837","-108.41791044776119"
"-18.47482817282811","110.92537313432837","-108.41791044776119","155.10925733446325"
"110.92537313432837","-108.41791044776119","155.10925733446325","-31.345041393222075"
"-108.41791044776119","155.10925733446325","-31.345041393222075","-115.07462686567163"
"155.10925733446325","-31.345041393222075","-115.07462686567163","-63.417910447761187"
"-31.345041393222075","-115.07462686567163","-63.417910447761187","131.39254588382786"
"-115.07462686567163","-63.417910447761187","131.39254588382786","41.85926755937164"
"-63.417910447761187","131.39254588382786","41.85926755937164","-106.07462686567163"
"131.39254588382786","41.85926755937164","-106.07462686567163","-72.417910447761187"
"41.85926755937164","-106.07462686567163","-72.417910447761187","128.43745644597385"
"-106.07462686567163","-72.417910447761187","128.43745644597385","47.32163442209004"
"-72.417910447761187","128.43745644597385","47.32163442209004","-90.074626865671632"
"128.43745644597385","47.32163442209004","-90.074626865671632","-74.417910447761187"
"47.32163442209004","-90.074626865671632","-74.417910447761187","116.83947877494566"
"-90.074626865671632","-74.417910447761187","116.83947877494566","52.562857351208606"
"-74.417910447761187","116.83947877494566","52.562857351208606","-74.074626865671632"
"116.83947877494566","52.562857351208606","-74.074626865671632","-71.417910447761187"
"52.562857351208606","-74.074626865671632","-71.417910447761187","102.89590991877625"
"-74.074626865671632","-71.417910447761187","102.89590991877625","56.953886391359326"
"-71.417910447761187","102.89590991877625","56.953886391359326","-54.074626865671632"
"102.89590991877625","56.953886391359326","-54.074626865671632","-68.417910447761187"
"56.953886391359326","-54.074626865671632","-68.417910447761187","87.207085381289318"
"-54.074626865671632","-68.417910447761187","87.207085381289318","64.67864518307476"
"-68.417910447761187","87.207085381289318","64.67864518307476","-9.0746268656716325"
"87.207085381289318","64.67864518307476","-9.0746268656716325","-80.417910447761187"
"64.67864518307476","-9.0746268656716325","-80.417910447761187","80.928296494707624"
"-9.0746268656716325","-80.417910447761187","80.928296494707624","96.56178705686672"
"-80.417910447761187","80.928296494707624","96.56178705686672","6.9253731343283675"
"80.928296494707624","96.56178705686672","6.9253731343283675","-96.417910447761187"
"96.56178705686672","6.9253731343283675","-96.417910447761187","96.66630358176613"
"6.9253731343283675","-96.417910447761187","96.66630358176613","-72.89169282186178"
"-96.417910447761187","96.66630358176613","-72.89169282186178","25.925373134328368"
"96.66630358176613","-72.89169282186178","25.925373134328368","-111.41791044776119"
"-72.89169282186178","25.925373134328368","-111.41791044776119","114.39438684087382"
"25.925373134328368","-111.41791044776119","114.39438684087382","-63.9011643530913"
"-111.41791044776119","114.39438684087382","-63.9011643530913","48.925373134328368"
"114.39438684087382","-63.9011643530913","48.925373134328368","-120.41791044776119"
"-63.9011643530913","48.925373134328368","-120.41791044776119","129.97755688171051"
"48.925373134328368","-120.41791044776119","129.97755688171051","-54.88826584437362"
"-120.41791044776119","129.97755688171051","-54.88826584437362","71.925373134328368"
"129.97755688171051","-54.88826584437362","71.925373134328368","-118.41791044776119"
"-54.88826584437362","71.925373134328368","-118.41791044776119","138.54984956803941"
"71.925373134328368","-118.41791044776119","138.54984956803941","-45.72609327623449"
"-118.41791044776119","138.54984956803941","-45.72609327623449","-27.074626865671632"
"138.54984956803941","-45.72609327623449","-27.074626865671632","-57.417910447761187"
"-45.72609327623449","-27.074626865671632","-57.417910447761187","63.481114200228646"
"-27.074626865671632","-57.417910447761187","63.481114200228646","77.75442267959885"
"-57.417910447761187","63.481114200228646","77.75442267959885","-22.074626865671632"
"63.481114200228646","77.75442267959885","-22.074626865671632","-37.417910447761187"
"77.75442267959885","-22.074626865671632","-37.417910447761187","43.444092504451142"
"-22.074626865671632","-37.417910447761187","43.444092504451142","72.46159908844541"
"-37.417910447761187","43.444092504451142","72.46159908844541","-18.074626865671632"
"43.444092504451142","72.46159908844541","-18.074626865671632","-17.417910447761187"
"72.46159908844541","-18.074626865671632","-17.417910447761187","25.101309541525659"
"-18.074626865671632","-17.417910447761187","25.101309541525659","56.93998037829635"
"-17.417910447761187","25.101309541525659","56.93998037829635","-14.074626865671632"
"25.101309541525659","56.93998037829635","-14.074626865671632","2.5820895522388128"
"56.93998037829635","-14.074626865671632","2.5820895522388128","14.309518086353101"
"-14.074626865671632","2.5820895522388128","14.309518086353101","2.604284286428747"
"2.5820895522388128","14.309518086353101","2.604284286428747","-26.074626865671632"
"14.309518086353101","2.604284286428747","-26.074626865671632","17.582089552238813"
"2.604284286428747","-26.074626865671632","17.582089552238813","31.448625394553417"
"-26.074626865671632","17.582089552238813","31.448625394553417","-20.991740555107462"
"17.582089552238813","31.448625394553417","-20.991740555107462","-16.074626865671632"
"31.448625394553417","-20.991740555107462","-16.074626865671632","20.582089552238813"
"-20.991740555107462","-16.074626865671632","20.582089552238813","26.115436799083994"
"-16.074626865671632","20.582089552238813","26.115436799083994","-39.010137746925906"
"20.582089552238813","26.115436799083994","-39.010137746925906","-4.0746268656716325"
"26.115436799083994","-39.010137746925906","-4.0746268656716325","20.582089552238813"
"-39.010137746925906","-4.0746268656716325","20.582089552238813","20.981539372287038"
"-4.0746268656716325","20.582089552238813","20.981539372287038","-65.80197320304602"
"20.582089552238813","20.981539372287038","-65.80197320304602","5.9253731343283675"
"20.981539372287038","-65.80197320304602","5.9253731343283675","14.582089552238813"
"-65.80197320304602","5.9253731343283675","14.582089552238813","15.739993090549078"
"5.9253731343283675","14.582089552238813","15.739993090549078","80.88583271765803"
"14.582089552238813","15.739993090549078","80.88583271765803","15.925373134328368"
"15.739993090549078","80.88583271765803","15.925373134328368","7.5820895522388128"
"80.88583271765803","15.925373134328368","7.5820895522388128","17.638185605264411"
"15.925373134328368","7.5820895522388128","17.638185605264411","38.459176125326195"
"7.5820895522388128","17.638185605264411","38.459176125326195","-89.074626865671632"
"17.638185605264411","38.459176125326195","-89.074626865671632","-41.417910447761187"
"38.459176125326195","-89.074626865671632","-41.417910447761187","98.233051755085953"
"-89.074626865671632","-41.417910447761187","98.233051755085953","37.93748040575726"
"-41.417910447761187","98.233051755085953","37.93748040575726","-80.074626865671632"
"98.233051755085953","37.93748040575726","-80.074626865671632","-46.417910447761187"
"37.93748040575726","-80.074626865671632","-46.417910447761187","92.555757670784146"
"-80.074626865671632","-46.417910447761187","92.555757670784146","43.10014610386905"
"-46.417910447761187","92.555757670784146","43.10014610386905","-66.074626865671632"
"92.555757670784146","43.10014610386905","-66.074626865671632","-50.417910447761187"
"43.10014610386905","-66.074626865671632","-50.417910447761187","83.11330825659752"
"-66.074626865671632","-50.417910447761187","83.11330825659752","50.34525937940813"
"-50.417910447761187","83.11330825659752","50.34525937940813","-51.074626865671632"
"83.11330825659752","50.34525937940813","-51.074626865671632","-49.417910447761187"
"50.34525937940813","-51.074626865671632","-49.417910447761187","71.068610388064641"
"-51.074626865671632","-49.417910447761187","71.068610388064641","57.055509364822505"
"-49.417910447761187","71.068610388064641","57.055509364822505","-64.074626865671632"
"71.068610388064641","57.055509364822505","-64.074626865671632","-40.417910447761187"
"57.055509364822505","-64.074626865671632","-40.417910447761187","75.757278811598638"
"-64.074626865671632","-40.417910447761187","75.757278811598638","45.24349603245264"
"-40.417910447761187","75.757278811598638","45.24349603245264","-77.074626865671632"
"75.757278811598638","45.24349603245264","-77.074626865671632","-37.417910447761187"
"45.24349603245264","-77.074626865671632","-37.417910447761187","85.677290624524232"
"-77.074626865671632","-37.417910447761187","85.677290624524232","38.89547769185441"
"-37.417910447761187","85.677290624524232","38.89547769185441","14.925373134328368"
"85.677290624524232","38.89547769185441","14.925373134328368","-65.417910447761187"
"38.89547769185441","14.925373134328368","-65.417910447761187","67.098955063027873"
"14.925373134328368","-65.417910447761187","67.098955063027873","-64.14771725143214"
"-65.417910447761187","67.098955063027873","-64.14771725143214","24.925373134328368"
"67.098955063027873","-64.14771725143214","24.925373134328368","-73.417910447761187"
"-64.14771725143214","24.925373134328368","-73.417910447761187","77.533630125262292"
"24.925373134328368","-73.417910447761187","77.533630125262292","-58.24765526777789"
"-73.417910447761187","77.533630125262292","-58.24765526777789","38.925373134328368"
"77.533630125262292","-58.24765526777789","38.925373134328368","-78.417910447761187"
"-58.24765526777789","38.925373134328368","-78.417910447761187","87.547434871844104"
"38.925373134328368","-78.417910447761187","87.547434871844104","-50.600947109722526"
"-78.417910447761187","87.547434871844104","-50.600947109722526","55.925373134328368"
"87.547434871844104","-50.600947109722526","55.925373134328368","-80.417910447761187"
"-50.600947109722526","55.925373134328368","-80.417910447761187","97.952476645554981"
"55.925373134328368","-80.417910447761187","97.952476645554981","-42.18392404561306"
"-80.417910447761187","97.952476645554981","-42.18392404561306","43.925373134328368"
"97.952476645554981","-42.18392404561306","43.925373134328368","-69.417910447761187"
"-42.18392404561306","43.925373134328368","-69.417910447761187","82.147943954327715"
"43.925373134328368","-69.417910447761187","82.147943954327715","-44.67571554794692"
"-69.417910447761187","82.147943954327715","-44.67571554794692","28.925373134328368"
"82.147943954327715","-44.67571554794692","28.925373134328368","-65.417910447761187"
"-44.67571554794692","28.925373134328368","-65.417910447761187","71.527478763838914"
"28.925373134328368","-65.417910447761187","71.527478763838914","-53.14676363472353"
"-65.417910447761187","71.527478763838914","-53.14676363472353","-28.074626865671632"
"71.527478763838914","-53.14676363472353","-28.074626865671632","56.582089552238813"
"-53.14676363472353","-28.074626865671632","56.582089552238813","63.164210845575077"
"-28.074626865671632","56.582089552238813","63.164210845575077","-50.6105350433912"
"56.582089552238813","63.164210845575077","-50.6105350433912","-16.074626865671632"
"63.164210845575077","-50.6105350433912","-16.074626865671632","52.582089552238813"
"-50.6105350433912","-16.074626865671632","52.582089552238813","54.984268391515712"
"-16.074626865671632","52.582089552238813","54.984268391515712","-60.001326556191714"
"52.582089552238813","54.984268391515712","-60.001326556191714","-5.0746268656716325"
"54.984268391515712","-60.001326556191714","-5.0746268656716325","47.582089552238813"
"-60.001326556191714","-5.0746268656716325","47.582089552238813","47.851928738380757"
"-5.0746268656716325","47.582089552238813","47.851928738380757","-70.91241958841518"
"47.582089552238813","47.851928738380757","-70.91241958841518","3.9253731343283675"
"47.851928738380757","-70.91241958841518","3.9253731343283675","47.582089552238813"
"-70.91241958841518","3.9253731343283675","47.582089552238813","47.743730482661078"
"3.9253731343283675","47.582089552238813","47.743730482661078","98.28395727400873"
"47.582089552238813","47.743730482661078","98.28395727400873","11.925373134328368"
"47.743730482661078","98.28395727400873","11.925373134328368","43.582089552238813"
"98.28395727400873","11.925373134328368","43.582089552238813","45.184212443422361"
"11.925373134328368","43.582089552238813","45.184212443422361","87.69674335868217"
"43.582089552238813","45.184212443422361","87.69674335868217","27.925373134328368"
"45.184212443422361","87.69674335868217","27.925373134328368","40.582089552238813"
"87.69674335868217","27.925373134328368","40.582089552238813","49.261876305287025"
"27.925373134328368","40.582089552238813","49.261876305287025","68.46733741717955"
"40.582089552238813","49.261876305287025","68.46733741717955","49.925373134328368"
"49.261876305287025","68.46733741717955","49.925373134328368","36.582089552238813"
"68.46733741717955","49.925373134328368","36.582089552238813","61.893393497286418"
"49.925373134328368","36.582089552238813","61.893393497286418","49.23155406576456"
"36.582089552238813","61.893393497286418","49.23155406576456","33.925373134328368"
"61.893393497286418","49.23155406576456","33.925373134328368","54.582089552238813"
"49.23155406576456","33.925373134328368","54.582089552238813","64.266129821174275"
"33.925373134328368","54.582089552238813","64.266129821174275","71.13707664779656"
"54.582089552238813","64.266129821174275","71.13707664779656","19.925373134328368"
"64.266129821174275","71.13707664779656","19.925373134328368","62.582089552238813"
"71.13707664779656","19.925373134328368","62.582089552238813","65.677533657002172"
"19.925373134328368","62.582089552238813","65.677533657002172","85.33916006905162"
"62.582089552238813","65.677533657002172","85.33916006905162","11.925373134328368"
"65.677533657002172","85.33916006905162","11.925373134328368","66.582089552238813"
"85.33916006905162","11.925373134328368","66.582089552238813","67.641623084719882"
"11.925373134328368","66.582089552238813","67.641623084719882","92.84554768098941"
"66.582089552238813","67.641623084719882","92.84554768098941","1.9253731343283675"
"67.641623084719882","92.84554768098941","1.9253731343283675","67.582089552238813"
"92.84554768098941","1.9253731343283675","67.582089552238813","67.609510351378972"
"1.9253731343283675","67.582089552238813","67.609510351378972","101.36811906725478"
"67.582089552238813","67.609510351378972","101.36811906725478","-11.074626865671632"
"67.609510351378972","101.36811906725478","-11.074626865671632","64.582089552238813"
"101.36811906725478","-11.074626865671632","64.582089552238813","65.524756017456866"
"-11.074626865671632","64.582089552238813","65.524756017456866","-67.26948126222085"
"64.582089552238813","65.524756017456866","-67.26948126222085","-21.074626865671632"
"65.524756017456866","-67.26948126222085","-21.074626865671632","56.582089552238813"
"-67.26948126222085","-21.074626865671632","56.582089552238813","60.379406718059606"
"-21.074626865671632","56.582089552238813","60.379406718059606","-56.5715953232983"
"56.582089552238813","60.379406718059606","-56.5715953232983","-3.0746268656716325"
"60.379406718059606","-56.5715953232983","-3.0746268656716325","53.582089552238813"
"-56.5715953232983","-3.0746268656716325","53.582089552238813","53.67023058593329"
"-3.0746268656716325","53.582089552238813","53.67023058593329","-73.71587693416487"
"53.582089552238813","53.67023058593329","-73.71587693416487","6.9253731343283675"
"53.67023058593329","-73.71587693416487","6.9253731343283675","52.582089552238813"
"-73.71587693416487","6.9253731343283675","52.582089552238813","53.036185144949286"
"6.9253731343283675","52.582089552238813","53.036185144949286","95.49699058965864"
"52.582089552238813","53.036185144949286","95.49699058965864","13.925373134328368"
"53.036185144949286","95.49699058965864","13.925373134328368","49.582089552238813"
"95.49699058965864","13.925373134328368","49.582089552238813","51.500481757906918"
"13.925373134328368","49.582089552238813","51.500481757906918","87.31234213307698"
"49.582089552238813","51.500481757906918","87.31234213307698","43.925373134328368"
"51.500481757906918","87.31234213307698","43.925373134328368","39.582089552238813"
"87.31234213307698","43.925373134328368","39.582089552238813","59.128505970567439"
"43.925373134328368","39.582089552238813","59.128505970567439","55.02268775722081"
"39.582089552238813","59.128505970567439","55.02268775722081","15.925373134328368"
"59.128505970567439","55.02268775722081","15.925373134328368","50.582089552238813"
"55.02268775722081","15.925373134328368","50.582089552238813","53.029852846658876"
"15.925373134328368","50.582089552238813","53.029852846658876","85.52380150303486"
"50.582089552238813","53.029852846658876","85.52380150303486","7.9253731343283675"
"53.029852846658876","85.52380150303486","7.9253731343283675","53.582089552238813"
"85.52380150303486","7.9253731343283675","53.582089552238813","54.165042786860916"
"7.9253731343283675","53.582089552238813","54.165042786860916","94.58633486231118"
"53.582089552238813","54.165042786860916","94.58633486231118","-1.0746268656716325"
"54.165042786860916","94.58633486231118","-1.0746268656716325","54.582089552238813"
"94.58633486231118","-1.0746268656716325","54.582089552238813","54.592667298722823"
